{"mean":[304.64414814814813,33.031111111111109],"std":[271.62196393665522,51.690903800039159],"gain":[0.00067980965329707678,0.0020533880903490761],"class_map":{"1":4,"3":3}}